a11_-inf-0.197,a11_0.197-inf,a45_-inf-0.159,a45_0.159-0.261,a45_0.261-inf,a47_-inf-0.163,a47_0.163-inf,a12_-inf-0.155,a12_0.155-inf,a55_-inf-0.006,a55_0.006-0.012,a55_0.012-inf,a15_-inf-0.171,a15_0.171-0.29,a15_0.29-inf,a49_-inf-0.07,a49_0.07-inf,a5_-inf-0.007,a5_0.007-0.049,a5_0.049-inf,a27_-inf-0.815,a27_0.815-inf,a37_-inf-0.461,a37_0.461-inf,a43_-inf-0.185,a43_0.185-inf,a3_-inf-0.02,a3_0.02-inf,a8_-inf-0.064,a8_0.064-inf,a2_-inf-0.019,a2_0.019-inf,label
1,0,0,0,1,1,0,0,1,0,1,0,1,0,0,1,0,0,0,1,1,0,0,1,0,1,0,1,0,1,0,1,0
0,1,1,0,0,1,0,0,1,0,1,0,0,0,1,1,0,0,0,1,1,0,1,0,1,0,0,1,0,1,0,1,0
0,1,0,1,0,1,0,0,1,0,0,1,0,0,1,1,0,0,0,1,1,0,0,1,0,1,0,1,0,1,0,1,0
1,0,0,0,1,0,1,0,1,0,1,0,0,1,0,1,0,0,1,0,1,0,0,1,0,1,0,1,0,1,1,0,0
0,1,1,0,0,1,0,0,1,0,1,0,0,0,1,1,0,0,0,1,1,0,1,0,1,0,0,1,0,1,0,1,0
0,1,1,0,0,1,0,0,1,1,0,0,0,0,1,1,0,0,1,0,1,0,1,0,1,0,0,1,0,1,0,1,0
1,0,1,0,0,1,0,1,0,0,1,0,0,0,1,1,0,0,0,1,1,0,0,1,0,1,0,1,0,1,0,1,0
0,1,0,1,0,1,0,0,1,0,1,0,0,0,1,1,0,0,0,1,0,1,1,0,0,1,0,1,1,0,0,1,0
1,0,1,0,0,1,0,0,1,1,0,0,1,0,0,0,1,0,0,1,0,1,1,0,0,1,0,1,1,0,0,1,0
1,0,1,0,0,1,0,1,0,0,1,0,1,0,0,1,0,0,1,0,0,1,1,0,1,0,0,1,0,1,1,0,0
1,0,1,0,0,1,0,1,0,1,0,0,1,0,0,1,0,0,1,0,1,0,1,0,1,0,1,0,1,0,1,0,0
1,0,1,0,0,1,0,1,0,0,1,0,0,1,0,1,0,0,1,0,0,1,1,0,1,0,1,0,1,0,0,1,0
1,0,1,0,0,1,0,1,0,0,1,0,0,0,1,1,0,0,1,0,1,0,1,0,1,0,1,0,0,1,1,0,0
1,0,0,1,0,1,0,0,1,0,1,0,0,1,0,1,0,0,0,1,0,1,1,0,0,1,0,1,0,1,1,0,0
1,0,1,0,0,1,0,0,1,0,0,1,1,0,0,1,0,0,0,1,0,1,0,1,0,1,0,1,1,0,0,1,0
0,1,1,0,0,1,0,0,1,0,0,1,0,0,1,1,0,0,0,1,1,0,0,1,1,0,0,1,0,1,0,1,0
0,1,0,1,0,0,1,0,1,0,1,0,0,0,1,1,0,0,0,1,1,0,0,1,0,1,1,0,0,1,1,0,0
1,0,1,0,0,1,0,0,1,0,1,0,0,0,1,1,0,0,0,1,1,0,0,1,0,1,0,1,1,0,0,1,0
1,0,1,0,0,1,0,1,0,0,1,0,0,1,0,1,0,0,1,0,0,1,0,1,0,1,1,0,0,1,1,0,0
0,1,1,0,0,1,0,0,1,0,1,0,0,0,1,1,0,0,0,1,1,0,1,0,1,0,0,1,0,1,1,0,0
0,1,0,1,0,1,0,0,1,1,0,0,1,0,0,1,0,0,0,1,1,0,0,1,1,0,0,1,0,1,0,1,0
0,1,1,0,0,1,0,0,1,1,0,0,0,1,0,1,0,0,1,0,1,0,0,1,0,1,0,1,0,1,0,1,0
1,0,0,0,1,0,1,0,1,0,0,1,0,1,0,0,1,0,0,1,1,0,0,1,0,1,0,1,0,1,0,1,0
1,0,0,1,0,1,0,1,0,0,1,0,0,1,0,1,0,0,1,0,1,0,0,1,0,1,1,0,1,0,1,0,0
1,0,1,0,0,1,0,1,0,0,1,0,1,0,0,1,0,0,1,0,1,0,0,1,1,0,0,1,1,0,0,1,0
1,0,0,0,1,1,0,1,0,1,0,0,1,0,0,1,0,0,1,0,1,0,1,0,0,1,1,0,1,0,1,0,0
1,0,1,0,0,1,0,1,0,0,0,1,0,0,1,1,0,0,0,1,1,0,1,0,1,0,0,1,0,1,0,1,0
1,0,1,0,0,1,0,0,1,0,1,0,0,0,1,1,0,0,0,1,1,0,1,0,1,0,0,1,1,0,0,1,0
0,1,1,0,0,1,0,0,1,0,1,0,1,0,0,1,0,0,1,0,1,0,0,1,1,0,1,0,0,1,0,1,0
0,1,1,0,0,1,0,0,1,0,0,1,0,1,0,1,0,0,1,0,1,0,1,0,1,0,1,0,0,1,0,1,0
1,0,1,0,0,1,0,0,1,0,1,0,0,0,1,1,0,0,1,0,0,1,0,1,0,1,0,1,0,1,0,1,0
1,0,1,0,0,1,0,1,0,0,1,0,0,1,0,1,0,0,0,1,1,0,1,0,1,0,0,1,1,0,1,0,0
1,0,1,0,0,1,0,1,0,0,0,1,0,0,1,1,0,0,1,0,1,0,1,0,0,1,1,0,0,1,0,1,0
1,0,1,0,0,1,0,0,1,1,0,0,1,0,0,0,1,0,1,0,1,0,1,0,0,1,1,0,0,1,0,1,0
1,0,1,0,0,1,0,0,1,0,0,1,0,0,1,1,0,0,1,0,1,0,0,1,1,0,0,1,0,1,0,1,0
0,1,1,0,0,1,0,0,1,0,1,0,0,1,0,1,0,0,0,1,1,0,1,0,1,0,0,1,0,1,1,0,0
1,0,1,0,0,1,0,1,0,0,1,0,1,0,0,1,0,0,0,1,1,0,1,0,0,1,0,1,0,1,1,0,0
1,0,1,0,0,1,0,1,0,1,0,0,1,0,0,1,0,0,0,1,0,1,1,0,0,1,0,1,0,1,0,1,0
1,0,1,0,0,1,0,1,0,1,0,0,0,1,0,1,0,0,1,0,0,1,1,0,0,1,1,0,1,0,1,0,0
1,0,1,0,0,1,0,1,0,1,0,0,0,0,1,1,0,0,0,1,1,0,1,0,0,1,0,1,0,1,0,1,0
1,0,1,0,0,1,0,1,0,1,0,0,0,0,1,1,0,0,1,0,1,0,1,0,0,1,0,1,0,1,0,1,0
1,0,1,0,0,1,0,0,1,0,1,0,0,1,0,1,0,0,1,0,1,0,0,1,1,0,1,0,1,0,1,0,0
1,0,0,1,0,1,0,0,1,0,1,0,0,1,0,1,0,0,1,0,0,1,0,1,0,1,0,1,0,1,0,1,0
0,1,1,0,0,1,0,0,1,0,1,0,0,1,0,1,0,0,1,0,0,1,0,1,1,0,0,1,1,0,0,1,0
1,0,0,0,1,0,1,1,0,0,0,1,0,1,0,0,1,0,0,1,1,0,0,1,0,1,0,1,0,1,0,1,0
0,1,0,1,0,1,0,0,1,0,1,0,0,0,1,1,0,0,0,1,1,0,0,1,0,1,0,1,0,1,0,1,0
0,1,1,0,0,1,0,0,1,0,1,0,0,0,1,1,0,0,0,1,1,0,0,1,0,1,0,1,0,1,0,1,0
1,0,0,0,1,1,0,0,1,1,0,0,1,0,0,1,0,0,1,0,1,0,0,1,0,1,0,1,0,1,0,1,0
1,0,1,0,0,1,0,0,1,0,1,0,1,0,0,1,0,0,1,0,1,0,1,0,0,1,0,1,0,1,1,0,0
0,1,0,1,0,1,0,0,1,0,0,1,1,0,0,1,0,0,0,1,1,0,0,1,0,1,0,1,0,1,0,1,0
1,0,0,0,1,1,0,1,0,0,0,1,0,1,0,1,0,0,1,0,1,0,0,1,0,1,0,1,0,1,0,1,0
1,0,1,0,0,1,0,1,0,0,1,0,0,1,0,1,0,0,1,0,0,1,0,1,0,1,0,1,0,1,1,0,0
1,0,1,0,0,1,0,0,1,0,1,0,0,1,0,1,0,0,0,1,0,1,1,0,1,0,1,0,0,1,1,0,0
1,0,1,0,0,1,0,1,0,1,0,0,0,1,0,1,0,0,1,0,0,1,1,0,0,1,0,1,0,1,0,1,0
1,0,1,0,0,1,0,1,0,1,0,0,0,1,0,1,0,0,1,0,0,1,1,0,0,1,1,0,1,0,1,0,0
1,0,1,0,0,1,0,1,0,0,1,0,0,1,0,1,0,0,0,1,0,1,1,0,0,1,1,0,0,1,1,0,0
1,0,1,0,0,1,0,0,1,1,0,0,1,0,0,1,0,0,1,0,0,1,1,0,1,0,1,0,0,1,1,0,0
1,0,1,0,0,1,0,1,0,0,0,1,1,0,0,1,0,0,0,1,0,1,0,1,1,0,1,0,0,1,1,0,0
1,0,1,0,0,1,0,1,0,1,0,0,1,0,0,1,0,0,1,0,0,1,0,1,1,0,1,0,0,1,1,0,0
1,0,1,0,0,1,0,1,0,1,0,0,1,0,0,1,0,0,1,0,0,1,1,0,1,0,0,1,1,0,1,0,0
1,0,1,0,0,1,0,1,0,1,0,0,1,0,0,1,0,0,0,1,0,1,0,1,1,0,1,0,0,1,1,0,0
1,0,1,0,0,1,0,1,0,0,1,0,1,0,0,1,0,0,0,1,0,1,0,1,1,0,1,0,0,1,1,0,0
1,0,1,0,0,1,0,1,0,1,0,0,1,0,0,1,0,0,0,1,0,1,0,1,1,0,0,1,0,1,0,1,0
1,0,1,0,0,1,0,1,0,1,0,0,1,0,0,1,0,0,1,0,1,0,1,0,1,0,1,0,0,1,1,0,0
1,0,1,0,0,1,0,1,0,0,0,1,1,0,0,1,0,0,1,0,1,0,0,1,0,1,1,0,0,1,1,0,0
1,0,1,0,0,1,0,0,1,0,1,0,1,0,0,1,0,0,1,0,1,0,0,1,0,1,0,1,1,0,1,0,0
1,0,1,0,0,1,0,0,1,0,1,0,1,0,0,1,0,0,1,0,1,0,0,1,0,1,1,0,0,1,0,1,0
1,0,1,0,0,1,0,0,1,0,1,0,1,0,0,1,0,0,0,1,1,0,0,1,0,1,0,1,0,1,0,1,0
1,0,0,0,1,1,0,1,0,1,0,0,1,0,0,1,0,0,1,0,1,0,0,1,0,1,1,0,0,1,1,0,0
1,0,1,0,0,1,0,1,0,0,1,0,0,1,0,1,0,0,1,0,0,1,1,0,1,0,0,1,0,1,0,1,0
1,0,1,0,0,1,0,1,0,1,0,0,1,0,0,1,0,0,1,0,0,1,1,0,0,1,1,0,1,0,1,0,0
1,0,1,0,0,1,0,1,0,1,0,0,0,1,0,1,0,0,0,1,0,1,1,0,0,1,1,0,0,1,1,0,0
1,0,1,0,0,1,0,1,0,0,1,0,1,0,0,1,0,0,0,1,1,0,1,0,0,1,1,0,1,0,1,0,0
1,0,0,1,0,1,0,1,0,1,0,0,1,0,0,1,0,0,1,0,1,0,1,0,1,0,1,0,0,1,0,1,0
1,0,1,0,0,1,0,1,0,1,0,0,0,0,1,1,0,0,0,1,0,1,1,0,1,0,1,0,0,1,1,0,0
1,0,1,0,0,1,0,1,0,1,0,0,0,0,1,1,0,0,0,1,0,1,1,0,1,0,0,1,1,0,1,0,0
1,0,1,0,0,1,0,1,0,1,0,0,0,0,1,1,0,0,0,1,0,1,1,0,1,0,0,1,0,1,0,1,0
1,0,1,0,0,1,0,1,0,1,0,0,0,0,1,1,0,0,0,1,1,0,1,0,1,0,0,1,0,1,0,1,0
1,0,1,0,0,1,0,1,0,1,0,0,0,0,1,1,0,0,1,0,0,1,1,0,1,0,1,0,0,1,0,1,0
1,0,1,0,0,1,0,1,0,0,1,0,0,0,1,1,0,0,0,1,1,0,1,0,1,0,1,0,1,0,1,0,0
0,1,1,0,0,1,0,0,1,0,0,1,0,0,1,1,0,0,1,0,1,0,1,0,1,0,1,0,0,1,0,1,0
0,1,0,1,0,0,1,0,1,0,1,0,0,0,1,0,1,0,0,1,1,0,1,0,1,0,1,0,0,1,0,1,0
0,1,0,1,0,0,1,0,1,0,1,0,0,0,1,1,0,0,1,0,1,0,1,0,1,0,0,1,0,1,0,1,0
0,1,0,1,0,0,1,0,1,0,1,0,0,0,1,1,0,0,0,1,1,0,1,0,1,0,0,1,0,1,0,1,0
0,1,1,0,0,0,1,0,1,0,1,0,0,0,1,1,0,0,0,1,1,0,1,0,1,0,0,1,0,1,0,1,0
0,1,0,1,0,1,0,1,0,0,0,1,0,0,1,0,1,0,0,1,1,0,0,1,0,1,0,1,0,1,0,1,0
0,1,0,1,0,0,1,1,0,1,0,0,0,0,1,0,1,0,1,0,1,0,0,1,0,1,0,1,0,1,0,1,0
0,1,0,1,0,0,1,1,0,1,0,0,0,0,1,0,1,0,1,0,1,0,0,1,0,1,0,1,0,1,0,1,0
0,1,0,1,0,1,0,1,0,1,0,0,0,0,1,0,1,0,0,1,1,0,0,1,1,0,0,1,0,1,0,1,0
0,1,0,1,0,0,1,1,0,0,1,0,0,0,1,0,1,0,1,0,1,0,0,1,0,1,0,1,0,1,0,1,0
0,1,0,1,0,1,0,1,0,0,0,1,0,0,1,1,0,0,0,1,1,0,0,1,0,1,0,1,0,1,0,1,0
0,1,1,0,0,1,0,0,1,1,0,0,0,0,1,1,0,0,0,1,1,0,1,0,1,0,0,1,0,1,0,1,0
1,0,1,0,0,1,0,0,1,0,1,0,0,0,1,1,0,0,1,0,1,0,1,0,1,0,0,1,0,1,0,1,0
0,1,1,0,0,1,0,0,1,0,0,1,0,0,1,1,0,1,0,0,1,0,1,0,0,1,0,1,0,1,0,1,0
1,0,1,0,0,1,0,0,1,0,1,0,0,0,1,1,0,0,1,0,1,0,1,0,0,1,1,0,0,1,0,1,0
1,0,1,0,0,1,0,1,0,1,0,0,1,0,0,1,0,0,0,1,1,0,0,1,1,0,0,1,0,1,0,1,0
1,0,1,0,0,1,0,1,0,0,0,1,1,0,0,1,0,0,1,0,1,0,1,0,1,0,1,0,0,1,1,0,0
1,0,0,1,0,0,1,0,1,0,1,0,0,0,1,0,1,0,0,1,1,0,0,1,0,1,0,1,0,1,0,1,1
0,1,0,0,1,0,1,0,1,0,0,1,0,0,1,1,0,0,0,1,1,0,1,0,1,0,0,1,1,0,0,1,1
0,1,0,1,0,1,0,0,1,0,0,1,0,0,1,1,0,0,0,1,1,0,1,0,0,1,0,1,0,1,0,1,1
0,1,1,0,0,1,0,0,1,0,0,1,0,0,1,1,0,0,0,1,1,0,1,0,1,0,0,1,0,1,0,1,1
0,1,1,0,0,1,0,0,1,0,0,1,0,0,1,1,0,0,1,0,1,0,1,0,1,0,0,1,0,1,1,0,1
0,1,1,0,0,1,0,0,1,0,0,1,0,0,1,0,1,0,0,1,1,0,1,0,1,0,0,1,0,1,0,1,1
0,1,1,0,0,1,0,0,1,0,0,1,0,0,1,1,0,0,0,1,1,0,1,0,1,0,0,1,0,1,0,1,1
0,1,1,0,0,1,0,0,1,0,0,1,0,0,1,1,0,0,0,1,1,0,1,0,0,1,0,1,0,1,0,1,1
0,1,1,0,0,1,0,0,1,0,0,1,0,0,1,1,0,0,0,1,1,0,1,0,0,1,0,1,0,1,1,0,1
1,0,1,0,0,1,0,0,1,1,0,0,0,0,1,1,0,0,0,1,1,0,0,1,0,1,0,1,0,1,0,1,1
1,0,0,1,0,1,0,0,1,0,1,0,0,0,1,1,0,0,0,1,1,0,1,0,0,1,0,1,1,0,0,1,1
1,0,0,1,0,1,0,0,1,0,0,1,0,0,1,1,0,0,0,1,1,0,1,0,0,1,0,1,1,0,0,1,1
1,0,1,0,0,0,1,1,0,1,0,0,0,1,0,1,0,0,0,1,1,0,1,0,0,1,0,1,0,1,1,0,1
1,0,0,1,0,1,0,0,1,1,0,0,0,0,1,1,0,0,0,1,1,0,1,0,0,1,0,1,0,1,1,0,1
1,0,0,1,0,1,0,0,1,0,1,0,0,0,1,1,0,0,0,1,1,0,1,0,0,1,0,1,0,1,0,1,1
0,1,1,0,0,1,0,0,1,0,0,1,0,0,1,1,0,0,0,1,1,0,1,0,0,1,0,1,0,1,0,1,1
0,1,1,0,0,1,0,0,1,1,0,0,0,0,1,1,0,0,0,1,1,0,1,0,0,1,0,1,0,1,0,1,1
0,1,1,0,0,1,0,0,1,0,1,0,0,0,1,0,1,0,0,1,1,0,1,0,0,1,0,1,0,1,0,1,1
0,1,0,1,0,1,0,0,1,1,0,0,0,0,1,1,0,0,1,0,1,0,1,0,0,1,0,1,0,1,0,1,1
0,1,1,0,0,1,0,0,1,0,0,1,0,0,1,1,0,0,0,1,1,0,1,0,1,0,0,1,0,1,0,1,1
0,1,1,0,0,1,0,0,1,0,1,0,0,0,1,1,0,0,0,1,0,1,1,0,0,1,1,0,0,1,1,0,1
0,1,0,1,0,1,0,0,1,0,1,0,0,0,1,1,0,0,0,1,0,1,1,0,0,1,0,1,0,1,0,1,1
0,1,1,0,0,1,0,0,1,1,0,0,0,0,1,1,0,0,0,1,0,1,1,0,0,1,0,1,0,1,0,1,1
1,0,0,1,0,1,0,0,1,0,1,0,0,0,1,1,0,0,1,0,0,1,1,0,0,1,1,0,0,1,0,1,1
0,1,1,0,0,1,0,0,1,0,1,0,0,0,1,1,0,0,0,1,0,1,1,0,0,1,0,1,0,1,1,0,1
0,1,1,0,0,1,0,0,1,1,0,0,0,0,1,1,0,0,0,1,0,1,1,0,0,1,0,1,0,1,1,0,1
0,1,1,0,0,1,0,0,1,1,0,0,0,0,1,1,0,0,0,1,0,1,1,0,0,1,0,1,0,1,1,0,1
0,1,1,0,0,1,0,0,1,0,1,0,0,0,1,1,0,0,0,1,0,1,1,0,1,0,0,1,0,1,0,1,1
0,1,0,1,0,1,0,0,1,0,0,1,0,0,1,1,0,0,0,1,0,1,1,0,1,0,0,1,0,1,0,1,1
0,1,1,0,0,1,0,0,1,0,0,1,0,0,1,1,0,0,0,1,1,0,1,0,1,0,0,1,0,1,0,1,1
0,1,1,0,0,1,0,1,0,0,0,1,0,0,1,0,1,0,0,1,1,0,1,0,0,1,1,0,0,1,0,1,1
0,1,1,0,0,1,0,0,1,1,0,0,0,0,1,1,0,0,1,0,1,0,1,0,0,1,0,1,0,1,0,1,1
0,1,1,0,0,1,0,0,1,0,1,0,0,0,1,1,0,0,0,1,1,0,1,0,0,1,0,1,0,1,0,1,1
0,1,0,1,0,1,0,0,1,0,0,1,0,0,1,1,0,0,0,1,1,0,1,0,0,1,0,1,0,1,0,1,1
0,1,0,0,1,0,1,1,0,0,0,1,0,0,1,0,1,0,1,0,1,0,0,1,1,0,0,1,0,1,0,1,1
0,1,0,0,1,1,0,0,1,0,0,1,0,0,1,0,1,0,0,1,1,0,0,1,0,1,0,1,0,1,0,1,1
0,1,0,0,1,1,0,0,1,0,0,1,0,0,1,0,1,0,0,1,1,0,0,1,0,1,0,1,0,1,0,1,1
0,1,0,0,1,1,0,0,1,0,0,1,0,0,1,1,0,0,0,1,1,0,0,1,1,0,0,1,0,1,0,1,1
0,1,0,0,1,0,1,1,0,0,0,1,0,0,1,0,1,0,1,0,1,0,0,1,1,0,0,1,0,1,0,1,1
0,1,0,0,1,1,0,0,1,0,0,1,0,0,1,1,0,0,0,1,1,0,0,1,0,1,0,1,0,1,0,1,1
0,1,1,0,0,1,0,0,1,0,0,1,0,1,0,0,1,0,1,0,1,0,1,0,0,1,0,1,0,1,0,1,1
1,0,1,0,0,0,1,0,1,0,0,1,0,1,0,0,1,0,0,1,1,0,0,1,0,1,0,1,0,1,0,1,1
1,0,0,1,0,1,0,0,1,0,0,1,0,1,0,0,1,0,1,0,0,1,1,0,0,1,0,1,0,1,0,1,1
1,0,0,0,1,0,1,0,1,0,0,1,0,0,1,0,1,0,0,1,1,0,1,0,0,1,0,1,0,1,0,1,1
0,1,0,0,1,0,1,0,1,0,0,1,0,0,1,0,1,0,0,1,1,0,1,0,0,1,0,1,0,1,0,1,1
0,1,0,0,1,0,1,0,1,0,0,1,0,0,1,1,0,0,1,0,1,0,1,0,0,1,0,1,1,0,0,1,1
0,1,0,0,1,0,1,0,1,0,1,0,0,1,0,1,0,0,0,1,1,0,1,0,0,1,0,1,0,1,0,1,1
1,0,0,0,1,0,1,1,0,0,1,0,0,0,1,1,0,0,0,1,1,0,1,0,0,1,0,1,0,1,0,1,1
0,1,0,0,1,0,1,0,1,0,0,1,0,1,0,0,1,0,0,1,0,1,0,1,0,1,0,1,0,1,0,1,1
0,1,0,0,1,0,1,0,1,0,0,1,0,0,1,0,1,0,0,1,1,0,1,0,0,1,0,1,0,1,0,1,1
0,1,0,0,1,0,1,1,0,0,0,1,0,1,0,0,1,0,0,1,0,1,1,0,0,1,0,1,0,1,0,1,1
0,1,1,0,0,1,0,0,1,1,0,0,0,0,1,1,0,0,0,1,1,0,1,0,0,1,0,1,0,1,0,1,1
1,0,0,1,0,0,1,0,1,0,1,0,0,0,1,0,1,0,0,1,1,0,1,0,1,0,0,1,0,1,0,1,1
1,0,1,0,0,1,0,0,1,1,0,0,0,1,0,1,0,0,1,0,1,0,1,0,1,0,1,0,0,1,0,1,1
0,1,1,0,0,1,0,1,0,1,0,0,0,0,1,1,0,0,1,0,1,0,1,0,0,1,1,0,0,1,0,1,1
0,1,1,0,0,1,0,0,1,0,1,0,0,0,1,1,0,0,1,0,1,0,1,0,0,1,1,0,1,0,0,1,1
1,0,0,1,0,1,0,1,0,1,0,0,0,0,1,1,0,0,0,1,1,0,1,0,1,0,0,1,0,1,0,1,1
1,0,0,1,0,1,0,1,0,1,0,0,0,0,1,1,0,0,0,1,1,0,1,0,1,0,0,1,0,1,1,0,1
1,0,0,1,0,1,0,1,0,1,0,0,0,0,1,1,0,0,0,1,1,0,1,0,1,0,1,0,0,1,1,0,1
0,1,0,0,1,0,1,0,1,1,0,0,0,1,0,0,1,0,0,1,0,1,0,1,0,1,1,0,0,1,1,0,1
0,1,0,0,1,0,1,0,1,0,1,0,1,0,0,0,1,0,0,1,0,1,0,1,0,1,0,1,0,1,1,0,1
0,1,0,0,1,1,0,0,1,1,0,0,1,0,0,0,1,0,0,1,0,1,0,1,0,1,0,1,0,1,0,1,1
0,1,0,0,1,1,0,0,1,1,0,0,1,0,0,0,1,0,0,1,0,1,0,1,0,1,1,0,0,1,0,1,1
0,1,0,0,1,0,1,0,1,1,0,0,1,0,0,0,1,0,0,1,0,1,0,1,0,1,0,1,0,1,0,1,1
0,1,0,0,1,0,1,0,1,0,1,0,1,0,0,0,1,0,1,0,0,1,0,1,0,1,0,1,0,1,0,1,1
0,1,0,1,0,0,1,0,1,1,0,0,1,0,0,0,1,0,1,0,0,1,1,0,0,1,0,1,0,1,1,0,1
0,1,0,1,0,1,0,0,1,1,0,0,1,0,0,1,0,0,1,0,1,0,1,0,0,1,1,0,0,1,1,0,1
0,1,0,0,1,0,1,0,1,0,1,0,1,0,0,0,1,0,0,1,1,0,1,0,0,1,0,1,0,1,0,1,1
0,1,1,0,0,1,0,0,1,0,1,0,1,0,0,0,1,0,0,1,1,0,1,0,0,1,1,0,0,1,1,0,1
1,0,0,0,1,0,1,1,0,0,1,0,1,0,0,0,1,0,1,0,1,0,1,0,0,1,0,1,0,1,0,1,1
1,0,0,0,1,0,1,1,0,1,0,0,1,0,0,0,1,0,1,0,0,1,0,1,0,1,1,0,1,0,0,1,1
0,1,0,0,1,1,0,0,1,1,0,0,1,0,0,1,0,0,0,1,0,1,0,1,0,1,0,1,1,0,1,0,1
0,1,0,0,1,1,0,0,1,1,0,0,1,0,0,1,0,0,1,0,0,1,0,1,0,1,0,1,1,0,1,0,1
0,1,0,0,1,1,0,0,1,1,0,0,1,0,0,1,0,0,1,0,0,1,0,1,0,1,1,0,1,0,1,0,1
0,1,1,0,0,1,0,0,1,0,1,0,1,0,0,1,0,0,0,1,0,1,0,1,0,1,0,1,0,1,1,0,1
0,1,1,0,0,1,0,0,1,1,0,0,1,0,0,1,0,0,0,1,0,1,1,0,0,1,0,1,0,1,0,1,1
0,1,1,0,0,1,0,0,1,1,0,0,0,1,0,1,0,0,0,1,0,1,1,0,1,0,0,1,0,1,0,1,1
0,1,0,0,1,0,1,0,1,0,0,1,0,1,0,1,0,0,1,0,0,1,1,0,0,1,0,1,0,1,1,0,1
0,1,0,0,1,1,0,0,1,1,0,0,0,0,1,1,0,0,0,1,0,1,1,0,0,1,1,0,0,1,1,0,1
0,1,0,0,1,1,0,0,1,0,1,0,0,0,1,1,0,0,1,0,0,1,0,1,0,1,0,1,0,1,0,1,1
0,1,1,0,0,1,0,0,1,0,1,0,0,1,0,1,0,0,1,0,0,1,0,1,0,1,0,1,0,1,1,0,1
1,0,1,0,0,1,0,0,1,1,0,0,0,1,0,1,0,0,1,0,0,1,1,0,1,0,0,1,1,0,0,1,1
0,1,1,0,0,1,0,0,1,1,0,0,0,0,1,1,0,0,0,1,1,0,1,0,0,1,0,1,0,1,0,1,1
0,1,0,0,1,1,0,0,1,0,1,0,0,1,0,0,1,0,0,1,0,1,1,0,0,1,0,1,0,1,0,1,1
0,1,0,0,1,0,1,0,1,0,1,0,0,0,1,0,1,0,0,1,0,1,1,0,0,1,0,1,0,1,0,1,1
0,1,0,0,1,1,0,0,1,0,0,1,0,0,1,0,1,0,0,1,0,1,1,0,0,1,0,1,0,1,0,1,1
0,1,0,0,1,1,0,0,1,0,0,1,0,0,1,0,1,0,0,1,0,1,1,0,0,1,0,1,0,1,0,1,1
0,1,0,0,1,1,0,0,1,0,1,0,0,1,0,0,1,0,0,1,0,1,1,0,0,1,0,1,0,1,0,1,1
0,1,0,0,1,1,0,0,1,0,1,0,0,0,1,0,1,0,1,0,0,1,1,0,0,1,0,1,0,1,0,1,1
0,1,0,0,1,0,1,0,1,1,0,0,0,0,1,0,1,0,0,1,1,0,1,0,0,1,0,1,0,1,0,1,1
0,1,0,1,0,0,1,0,1,1,0,0,0,1,0,0,1,0,0,1,0,1,1,0,0,1,1,0,0,1,0,1,1
0,1,1,0,0,1,0,0,1,1,0,0,0,1,0,0,1,0,1,0,0,1,1,0,0,1,0,1,0,1,0,1,1
0,1,0,1,0,1,0,0,1,1,0,0,0,1,0,1,0,0,0,1,0,1,1,0,1,0,1,0,0,1,0,1,1
0,1,1,0,0,0,1,0,1,0,1,0,0,0,1,1,0,0,1,0,0,1,1,0,1,0,0,1,0,1,0,1,1
0,1,1,0,0,0,1,0,1,0,1,0,0,1,0,1,0,0,0,1,0,1,1,0,1,0,1,0,0,1,0,1,1
0,1,1,0,0,0,1,0,1,0,1,0,0,1,0,1,0,0,0,1,0,1,1,0,1,0,0,1,0,1,0,1,1
0,1,1,0,0,0,1,0,1,1,0,0,0,1,0,1,0,0,0,1,0,1,1,0,0,1,0,1,0,1,1,0,1
0,1,1,0,0,1,0,0,1,0,1,0,1,0,0,1,0,0,1,0,0,1,1,0,0,1,0,1,0,1,1,0,1
0,1,0,0,1,0,1,0,1,1,0,0,0,1,0,1,0,0,0,1,0,1,1,0,0,1,0,1,0,1,1,0,1
0,1,0,1,0,0,1,0,1,1,0,0,0,1,0,1,0,0,0,1,0,1,1,0,0,1,0,1,0,1,1,0,1
0,1,0,1,0,1,0,0,1,0,1,0,1,0,0,1,0,0,0,1,0,1,1,0,0,1,0,1,0,1,0,1,1
0,1,0,1,0,0,1,0,1,1,0,0,1,0,0,1,0,0,0,1,0,1,1,0,0,1,0,1,0,1,0,1,1
0,1,1,0,0,1,0,0,1,1,0,0,0,1,0,1,0,0,1,0,0,1,1,0,1,0,0,1,0,1,0,1,1
0,1,0,1,0,0,1,0,1,1,0,0,1,0,0,1,0,0,0,1,0,1,1,0,1,0,0,1,0,1,0,1,1
0,1,0,1,0,0,1,0,1,0,1,0,0,1,0,1,0,0,0,1,0,1,1,0,0,1,0,1,0,1,0,1,1
0,1,1,0,0,1,0,0,1,1,0,0,0,1,0,0,1,0,0,1,0,1,1,0,1,0,0,1,0,1,0,1,1
0,1,1,0,0,1,0,0,1,1,0,0,0,1,0,0,1,0,1,0,0,1,1,0,0,1,1,0,0,1,0,1,1
0,1,1,0,0,1,0,0,1,0,1,0,1,0,0,1,0,0,0,1,0,1,1,0,1,0,0,1,0,1,1,0,1
0,1,1,0,0,1,0,0,1,0,1,0,1,0,0,1,0,0,1,0,0,1,1,0,1,0,1,0,0,1,0,1,1
0,1,1,0,0,1,0,0,1,1,0,0,1,0,0,1,0,0,1,0,0,1,1,0,1,0,0,1,0,1,0,1,1
0,1,1,0,0,1,0,0,1,1,0,0,1,0,0,1,0,0,1,0,0,1,1,0,0,1,1,0,0,1,0,1,1
